{
    "loss": 1.8940476179122925,
    "accuracy": 0.801150918006897
}